{"cameraMode":{"drawMode":0,"name":"Shaded","section":"Shading Mode"},"sceneLighting":true,"audioPlay":false,"sceneViewState":{"showFog":true,"showMaterialUpdate":false,"showSkybox":true,"showFlares":true,"showImageEffects":true,"showParticleSystems":true},"in2DMode":false,"pivot":{"x":3.7261264324188234,"y":1.4560105800628663,"z":-92.88565826416016},"rotation":{"x":0.06474565714597702,"y":-0.02845248207449913,"z":0.0018586079822853208,"w":0.9974944591522217},"size":5.861374855041504,"orthographic":false}