{"cameraMode":{"drawMode":0,"name":"Shaded","section":"Shading Mode"},"sceneLighting":true,"audioPlay":false,"sceneViewState":{"showFog":true,"showMaterialUpdate":false,"showSkybox":true,"showFlares":true,"showImageEffects":true,"showParticleSystems":true},"in2DMode":false,"pivot":{"x":-0.8503827452659607,"y":1.4793572425842286,"z":-21.936935424804689},"rotation":{"x":0.06474565714597702,"y":-0.02845248207449913,"z":0.0018586079822853208,"w":0.9974944591522217},"size":11.56352424621582,"orthographic":false}